0,1699947703,1,0,0x98926F83a9192aF1873622e2E0d42A0067d8ad44,1
1,1699947703,1,0,0x9cFa68a9Bda1c20936eeB8c1D2e5401BDAc91867,1
2,1699947703,1,0,0x4485363cDb48A5b305ade15538309729a57986cd,1
3,1699947703,1,0,0xc6Bf2BdEdB69D4253407d06b979C30aA8F01D5B1,1
4,1699947703,1,0,0x7D3A57Ab5c9632AD6fBB91490f7E97F438087324,1
5,1699947703,1,0,0x404CF767C0B5D26bB7E17D32898CaFc9bECEF8ad,1
6,1699947703,1,0,0x28665cFA18651E7bC9676bdeeFd4e2D1137Ce4D3,1
7,1699947703,1,0,0x51ee439198ff589151f0c24a4beb42ff0f75a26b,1
8,1699947703,1,0,0x7CA3Bbd911dd93aB58EE64cdcDd132887e0cdE6F,1
9,1699947703,1,0,0x7157BB19523108565b69EeBD62Aa08CD58cB42Ba,1
10,1699947703,1,0,0x531e2B80962557d0F170e4D55a41A1D59577e448,1
11,1699947703,1,0,0x2A02BB1790C28a3D13F09cF6D853a5252db5d8dE,1
12,1699947703,1,0,0x774c05b138364E00CC6620843f5A80aDA11FC804,1
13,1699947703,1,0,0x3360ff1432A8160742942a12db5D9E4004B52c2b,1
14,1699947703,1,0,0x839Bdf02465933A6a81356F9a48a9199b847DC70,1
15,1699947703,1,0,0xa7574010E6CbF2D6D6e3841B04c758e726c8D14b,1
16,1699947703,1,0,0x87bD9bFd74f995b52b8a498B41004dA2d4102645,1
17,1699947703,1,0,0xB7572926ECc5937648f5FF2bB831A76cf6515A45,1
18,1699947703,1,0,0x92327953ea0F6aF6B069e3d0a59F4bE64f06b92f,1
19,1699947703,1,0,0x6543060EE2b4078e185b6f497a3757cBF8Dc8dFd,1
20,1699947703,1,0,0xea4F5679Ab286d502016De868019a5A47629Abf6,1
21,1699947703,1,0,0xc464af4b146D0eEf6f3B15655Dc2F0e89bfA589b,1
22,1699947703,1,0,0x4dEEA126bE27C80372C7e3a013EE1874188AC521,1
23,1699947703,1,0,0xE322f40dfFbe7bA27a944fF3A678A7BA8E21899a,1
24,1699947703,1,0,0xA9CeFd4474086c52F15aBC0e604284440768DA57,1
25,1699947703,1,0,0x655E8c4c725024ecA91Fd048b4447321a1fE1B75,1
26,1699947703,1,0,0xeCFbC7Ea4527A5326a07B26654B1601edcaf63B7,1
27,1699947703,1,0,0x59E2fbA1B76F5fDA66Ee1fB64dd1c933203170Da,1
28,1699947703,1,0,0xEFB38a48159c1D938e9d08d0Ca50446540131d3C,1
29,1699947703,1,0,0x1Ea5e2a008A75C257b067f618C9A8BD3b25b975c,1
30,1699947703,1,0,0x30878147f0C9256074672aC4AcCD5530cA8366f3,1
31,1699947703,1,0,0x812cf8D3046bBe1CE5044342Fde760121558B119,1
32,1699947703,1,0,0x5b5845C329770e00C117f8Ab15D151a48619deBb,1
33,1699947703,1,0,0xAcf910A9b4aC35931485BB259AD3572E5Aafa94d,1
34,1699947703,1,0,0x8b1757af9811484cC1f02a6c07033364A0B14Fb5,1
35,1699947703,1,0,0xF732EE6A84972E1BFf9c4B5Bf923dfEB03965279,1
36,1699947703,1,0,0x2082BA921718c5A4b144DedD46B5a5A83Aa14efd,1
37,1699947703,1,0,0x907768DB7db809D439C79c201c3522Ce1eBc5b44,1
38,1699947703,1,0,0x42f025eE2B6f6508cdbDc1fe4BcB5Bc0c00E24a4,1
39,1699947703,1,0,0x6DeE5B6547852F9D11c6A699c0e193f60f847E87,1
40,1699947703,1,0,0x0C7eF2d4A911B47E0b391b38B558Ee25ef9f5ace,1
41,1699947703,1,0,0xAEeE9Af63CB6FCd522a91e4767c92701aeb959A4,1
42,1699947703,1,0,0xbd0DF52CeEC010C9366A6Ef0871C590B59842A7B,1
43,1699947703,1,0,0x6cf2f3358f69B481a3cBc08D45137a4028530Dbe,1
44,1699947703,1,0,0x2082BA921718c5A4b144DedD46B5a5A83Aa14efd,1
45,1699947703,1,0,0xA745BeF759F71037dAdd3f41CE6D87467217FC72,1
46,1699947703,1,0,0x298578D3921E3471d46372f1F9D5eD466d741aa3,1
47,1699947703,1,0,0xC27924c9829e75dde557001D38dCe05735271750,1
48,1699947703,1,0,0x451b0995c6d616084a75353b27e58EDFA2528B16,1
49,1699947703,1,0,0x92EA2623A673bc5C0B9d00739c4748E4EB3cA03f,1
50,1699947703,1,0,0x28665cFA18651E7bC9676bdeeFd4e2D1137Ce4D3,1
51,1699947703,1,0,0x1E7934595a636C3eA653871d7CCf5979F9b27dC6,1
52,1699947703,1,0,0x84170C32bc578A8AafE988099926CB6953d841B8,1
53,1699947703,1,0,0x8fB6b6Fa146eD65F5C5b13D25A8bD609fbB48f21,1
54,1699947703,1,0,0xfA8b8069d210Cdb506050168E9398A7C3a9672CC,1
55,1699947703,1,0,0x04d915D8A9909Ffdd3720314fB50D9E0879ec2fD,1
56,1699947703,1,0,0x3f52eF292cc4935931af904D07b81f6740Aad831,1
57,1699947703,1,0,0xE4fD66B15937E3eB83804f8409947c200E001E53,1
58,1699947703,1,0,0x0198cA279e9D046f47e8B41b7a0CdA8bb08A3ff5,1
59,1699947703,1,0,0x646267ECB8D8920921147e93F6e52b8038525D73,1
60,1699947703,1,0,0x9a20802Fb1fc54a234d54C807c2254bE86d9aC70,1
61,1699947703,1,0,0xf7b83Cc2179d2C7648C926840AE7Eb673758b0CE,1
62,1699947703,1,0,0x265311D0B553c75c9C5c9386C86ee3cB40D7Fae7,1
63,1699947703,1,0,0xb9fE1E88622e712546Ef7D0d9dc00DbA25282A93,1
64,1699947703,1,0,0x6Bd7177015ACdEEaa263010D15B1d24b5dde912D,1
65,1699947703,1,0,0x6DA11155E3D01c5B4c9CdD920d97d6e450a7b771,1
66,1699947703,1,0,0x1B0488a4c8952751a7c90c7596dE51BFD5D58BfA,1
67,1699947703,1,0,0x0Bd2DCBcb8E2e2e49D896f04973Db7Ee2A22a8d4,1
68,1699947703,1,0,0xbf2BF33cFa852C9deA1Af7D8944B9C8f31aA368b,1
69,1699947703,1,0,0x5BE3bD1d263643BE7582DbB7cB453873a0EC6657,1
70,1699947703,1,0,0x778FDFA040072887614905431E49Ae233b925259,1
71,1699947703,1,0,0xa7d8ac31eef6a4646f327913bb4b4a4b2c535ae5,1
72,1699947703,1,0,0x3a88fd038022a3892d3b26e64c951eab10e47584,1
73,1699947703,1,0,0x78d395a7f3Ab8f4ccc8C0B71776852101C821Dcd,1
74,1699947703,1,0,0xf9faa36F018D92e15540edcb747B8915cDc09a54,1
75,1699947703,1,0,0xF958342A0fd3F0256FD7a6B57377bA8f6838aA70,1
76,1699947703,1,0,0x4100dfac5f44b72419638d0fb2eec4abbd299ebb,1
77,1699947703,1,0,0x78788f7d9e37b5d105d10ac9f578a0b1ce88f4d7,1
78,1699947703,1,0,0x3EA290BC3ce28AE063bc18C3634082Fca1FdE3f6,1
79,1699947703,1,0,0xf3692C17C200bBfA24f00f1b1fD7dcDe87CaD777,1
80,1699947703,1,0,0x8CED143Ec52043cace140E0A342156133d3F2493,1
81,1699947703,1,0,0xc760c4a9503c9de6Aed2F2e95722EF900afFA35A,1
82,1699947703,1,0,0xDA5501C8454ED9d8b31fAA8c521c37196C8Ed144,1
83,1699947703,1,0,0xDA5501C8454ED9d8b31fAA8c521c37196C8Ed144,1
84,1699947703,1,0,0xE72ee4AebFA9EF86C3131B77eDC4aF1AF9724302,1
85,1699947703,1,0,0xE72ee4AebFA9EF86C3131B77eDC4aF1AF9724302,1
86,1699947703,1,0,0x69cE615548099bFc941a836E315d4B9C93b44B88,1
87,1699947703,1,0,0x455d57c92a4ae34538b01ffeb0078e8dc5b79d9e,1
88,1699947703,1,0,0x3118f4acda3C76C02c0F209278dFc5324D8d8e48,1
89,1699947703,1,0,0x802403c59d7f5ff888c53c2db87a2139052a8c02,1
90,1699947703,1,0,0xdA01b6Fe8E18c93a83Ad42a75334a2deBd8167aF,1
91,1699947703,1,0,0x42fb408603f49Adf57C29729fdB22348b09c8a78,1
92,1699947703,1,0,0xba91cd3Da3D36f3A9e3763102449ddB687b90d44,1
93,1699947703,1,0,0x35AA9de8593f923aAA25c88DFeb02133e7e3c076,1
94,1699947703,1,0,0xf44666Cb1225E1Abc9Afe15b90Ae2044247C838B,1
95,1699947703,1,0,0xD4B1e80B44DEF73A0BA8f9786de0D121207e35A1,1
96,1699947703,1,0,0x874241EB046a2d2eF9A2965faf313442783b5c24,1
97,1699947703,1,0,0x59A99DCcA15255c046b430c02DeFc78b9C11855C,1
98,1699947703,1,0,0xDd9993cC2B7274CF968b7eE1e6F984619349A309,1
99,1699947703,1,0,0xf5C8958bcfb7a94221a6292EceAbE8089146a8C8,1
100,1699947703,1,0,0x302d61736a39C44ac93Ecec60e46b28ac2321aB7,1
101,1699947703,1,0,0x613c220D188f791F5b02666247E74cf523BA27EE,1
102,1699947703,1,0,0x8195fCB431ec1c21Fa88AfB4523590eD5a843C0f,1
103,1699947703,1,0,0x4Ddd1A85a33414718a5ff33cBF28074e26fa9183,1
104,1699947703,1,0,0x46C4b4bc396fc1912Cfd8b293fDE7B4AB296b01C,1
105,1699947703,1,0,0xb571a2be229e0af8da3d9666c1736a77217a11cb,1
106,1699947703,1,0,0xE9cd8Ad9C4ceD1aB7dAE6Bb42f592B5a238c544f,1
107,1699947703,1,0,0xC6193B99c65E785ccA8132d7Ca059205b17E7102,1
108,1699947703,1,0,0xb9E10dfEBbAa5A24b3e01b343F1672F049c8dfFE,1
109,1699947703,1,0,0xA506dea3b414934A9199e47058D0Bc0aA2BDa29F,1
110,1699947703,1,0,0x9bba888b2af620371edE4230Abd3aD39DB556F3d,1
111,1699947703,1,0,0x048A41B36F2379DdcdaFDC3C27a900649FB48d3f,1
112,1699947703,1,0,0xCd321640D480ba298D82E37Bf038d8e8e3fa98b0,1
113,1699947703,1,0,0xF8E5aecAf47BE4fD4ed0c31c73323057C4c7B359,1
114,1699947703,1,0,0x7F623A4C64D1A1C4c7f16A3F6e499bA6c77DEF2d,1
115,1699947703,1,0,0x78D607f219a49915Bf5B45d8E6a2eBa597457Bf4,1
116,1699947703,1,0,0x3B287DDb497690a05Aefc9277531d42C38d53b9b,1
117,1699947703,1,0,0x1b1cCFD667d19bdDA799CA5E476043ED32522Fc6,1
118,1699947703,1,0,0x6b2d8856026a67A085b491Bec9FfB9039f04245E,1
119,1699947703,1,0,0xa9DD059606086FA75F7B692c9Be002005b7Fcb3c,1
120,1699947703,1,0,0xde0Fa6299B4CdD054ce4d0C263305E37fB32f749,1
121,1699947703,1,0,0xFbd85f2E389ccc3CDF2006F16CF7813a5a0B3715,1
122,1699947703,1,0,0x41a5Ec553F02C6C0DdbdFf54c02Af3dB26354122,1
123,1699947703,1,0,0x42f32CDadb8109B94519157F79aC51363b2098C5,1
124,1699947703,1,0,0xc27DC0eE3d9d0Ef19F7FEa1CB1cE915D66b39f1c,1
125,1699947703,1,0,0x46D8080F7699E43B98eD93e25f7D795562D92BBD,1
126,1699947703,1,0,0x9800Ad5E8968f7CbaC2Fe4650D67B53b42CdAb38,1
127,1699947703,1,0,0x9A2bc6C72A67Fc49cAfb2079CF83C6d7859D6BF7,1
128,1699947703,1,0,0xFA9d26F333558f4898C8B7c615c791cb4397A4fB,1
129,1699947703,1,0,0x0D8F23cAeCcBEf2Ae7E9F12cB2fD7E3900969204,1
130,1699947703,1,0,0xeDDeF803e082A879A9e220F564b829d143884908,1
131,1699947703,1,0,0xCFDe6155a7B39AB265Ea1B3Cb17Fc316d6E409c9,1
132,1699947703,1,0,0xf41aa62ef93A2a4d8fFDd37eA700893f7c4827d1,1
133,1699947703,1,0,0x307bAFB01e06EB0C88D181f97F0eC5CC20351eBB,1
134,1699947703,1,0,0xf1AeE8C487b920df9F2e3f8c54B288C6BCF1CD2E,1
135,1699947703,1,0,0x9E4e74C29640AC2029f172834068664585866768,1
136,1699947703,1,0,0xdAbe796EAac85BCA33DD0a6793F6c3107d41F04B,1
137,1699947703,1,0,0x70ffa238491D78d5856b19E39007d082634FA4A1,1
138,1699947703,1,0,0xfBFd7924b39f3E7f00f4E42DE886419000be6D3b,1
139,1699947703,1,0,0xb9A5779a275D8F0144A4a43E4409590a1d65E219,1
140,1699947703,1,0,0x1F783320E44559F4F933EE77311072D2d6074321,1
141,1699947703,1,0,0x9e02Cb6928761184e4EdaFB971fECe402BadD2cb,1
142,1699947703,1,0,0x654AD4D2641a784e6fBBD43f3F7eFA150Ed70883,1
143,1699947703,1,0,0xe0222624eC3C57B1436EeC9C02070dfe3E4B4DAE,1
144,1699947703,1,0,0x6279bEAe62cd0f181c46fe796cC11EaB2A5C2f65,1
145,1699947703,1,0,0x8dd5aef2d692254d64f5112b3150c997c5484baa,1
146,1699947703,1,0,0xd93b71b5a23cfa913b64988f1af16b6d8668d039,1
147,1699947703,1,0,0xeFe853370Ad84534607027E114526DC66a2BD7d0,1
148,1699947703,1,0,0x3D81071dB1A29C935A6082E45874D639B1b6151A,1
149,1699947703,1,0,0x5F84EDbF25696c49B16803885fead986560E630D,1
150,1699947703,1,0,0xf23eF7998AB032d2144beD488376aD702ABd1E99,1
151,1699947703,1,0,0x3137da1D8Ff4427A5D15A1DE75F73394ef9080a3,1
152,1699947703,1,0,0xB9aa1c87aB11ecE83B1Ba4Ec52b0222FC07512f4,1
153,1699947703,1,0,0x01C12D2F1bc4cA6BCfF9748cDa30696d4716e907,1
154,1699947703,1,0,0x28Ba5353C9D585daf6F930F89f5d47e0A9Af4B18,1
155,1699947703,1,0,0xe5EDa7A7Afa18BDDB832923E861fa62d35445520,1
156,1699947703,1,0,0x57620f3cD22070Cb6759b2fC1AE00775d187D942,1
157,1699947703,1,0,0x638aDc0eB925E33f8e9402a5fE4Ca3E758F88351,1
158,1699947703,1,0,0xe603218793977A15312564FeCCb9125B087aF14C,1
159,1699947703,1,0,0xa974455b49B7e640dB9f7ca354c3979ce49B6666,1
160,1699947703,1,0,0xFFbf8A32aC87a3A4Ed2A1feAB425f75374FeB4E8,1
161,1699947703,1,0,0x8724E5824C30D5E38753b4966a4a59E75d61861a,1
162,1699947703,1,0,0x2796881880F8f060c353bFDFCA0917c49793AF91,1
163,1699947703,1,0,0xF507cc40AAF94753dC3f3921c2A56FA461bfE1a4,1
164,1699947703,1,0,0x05A938978feE6A09c1a2621Aae7b9Fbe8a41f648,1
165,1699947703,1,0,0x9F09BCF29cb0699690dF51dE7b45600b2e79020C,1
166,1699947703,1,0,0xb0e6342B138d6e96DFDF7D7F2f8E89fc8EBb87F4,1
167,1699947703,1,0,0x43Cd493d0a175C6bdD997AA50114d2c4Bbd6Ee6C,1
168,1699947703,1,0,0x78917851B6cF1711B41683d7fbd69bB95ac0E476,1
169,1699947703,1,0,0x9C59586E544FCB5e11b947030924221811AedcD2,1
170,1699947703,1,0,0x1f07fDf16DB50803606D47E3f3B25Ee19736c58F,1
171,1699947703,1,0,0x33dE5c538CB4A7c74156Dee6C58652A7193D342f,1
172,1699947703,1,0,0xbF7c0bB4e3b252d8aa3CeA08332384C0c7D04FA3,1
173,1699947703,1,0,0x42Bb36fD4A68B20e999eD56629DDEaC01288Aa21,1
174,1699947703,1,0,0xc59C150f55ccac0f1D90766aDd0E3807D2E749d5,1
175,1699947703,1,0,0xa6f96c8b55b92635bA87f9176EccA70200E8F9A8,1
176,1699947703,1,0,0x17ae64c7bd07ffc48259109e61e0476faa888888,1
177,1699947703,1,0,0xb3Fa223cf43f20E6435f6dE69ea8BA972D2a9f99,1
178,1699947703,1,0,0xd8d94897Dd696856555ab6e5a672e4A8D1b4b758,1
179,1699947703,1,0,0x9c4245d38B66bA672DdF3A2eCc703A5025470d12,1
180,1699947703,1,0,0xbe41b6f91a65296f1f3fd622f877dc1659f62208,1
181,1699947703,1,0,0x8b3A34d7Bdc0E5B93eEE785824B1593D358A051F,1
182,1699947703,1,0,0x7B21B9B1fa7FFD13F8D510B4d4874e983B4EDd12,1
183,1699947703,1,0,0x66e9b6Ca5b6307f7bBCCEE38677EdB39Bec153dC,1
184,1699947703,1,0,0xCF0F92e791Ee440159C3a8dC92bf356a2deBBeb1,1
185,1699947703,1,0,0x617EfdF9971354532f7754A9bB12619fF3251586,1
186,1699947703,1,0,0xd0cCde9156731D6483Ae9bc0205934f1c75B7661,1
187,1699947703,1,0,0xbBffca35ccF3D969F3A0D81ec0C6C5022Ee00171,1
188,1699947703,1,0,0x5b54930AB7a125F3bf0E189929109845AeAcbB77,1
189,1699947703,1,0,0xe06426AE704D33eE5A402c04618Dbbc61424cEd1,1
190,1699947703,1,0,0xDcC3C83Fa283Be59907B31ad5615507763D9BFDE,1
191,1699947703,1,0,0x88B232cC13fdaBb6DA3c723304A88F464C8EF7D0,1
192,1699947703,1,0,0x28E9BF005fC8817d00745257146Aaaae05556eaf,1
193,1699947703,1,0,0x4e9266ac504Cbc7F3E0905981eE31abE2Bd74da3,1
194,1699947703,1,0,0x3E0Ca16A50B95A2550C3f64712FF76bAc50Be228,1
195,1699947703,1,0,0xCC786B2CFCAF43b4490de5885EC2A45c0330c6D7,1
196,1699947703,1,0,0xaAFab996B534A43F5C2086D0C2c8e142c7f102cE,1
197,1699947703,1,0,0x53611531599c88c2a9552eacd3f75952f48f0c5c,1
198,1699947703,1,0,0xC962096274C7f047AD4A26E6846Bda55F3FFb2b3,1
199,1699947703,1,0,0xba2b21710716d4380f61e0268678bC76b653575A,1
200,1699947703,1,0,0x83D716D6E4a93516161ECEd7a669eFe76Aa462D5,1
201,1699947703,1,0,0x245724f2Eb9F6e349664aE9169124092795EDcFb,1
202,1699947703,1,0,0xf62ea08393fa22e10e7d2b9d54cfcf5739d73b35,1
203,1699947703,1,0,0x02a1Cc49b7e2057A0789009F0286abfAA923426e,1
204,1699947703,1,0,0xBFe9b186F1E7Cd598A80c95f7f6f94C06a5003F4,1
205,1699947703,1,0,0x15d20ac8543B6578b3656314B40399eD27EB2De5,1
206,1699947703,1,0,0x15C51DB2b869E09a3AA5425fb5bc8F8e2b14b8Ce,1
207,1699947703,1,0,0x00eBCb397e6607983d14052B063C85a73fe1C75b,1
208,1699947703,1,0,0x31CEFC90f8a9Ef277E09c0c11995263445773bB3,1
209,1699947703,1,0,0x2035ea3263A25EBEdA2FAf392E3f4056499AFADa,1
210,1699947703,1,0,0x2C32C56471ddAE47225Ee82658c176945733b180,1
211,1699947703,1,0,0xcD11Daa8db1a0FD6C763f036464700281411AFE6,1
212,1699947703,1,0,0x1b3F37D51410FCE682bd27Afa1FE91d2EaFbDb93,1
213,1699947703,1,0,0x66e9b6Ca5b6307f7bBCCEE38677EdB39Bec153dC,1
214,1699947703,1,0,0xDC1e13a1E00b214A883d898249Bf0Fb7889A8eAa,1
215,1699947703,1,0,0x48b2bcA6F8ec010Aa6D3A0152f38aF361bE387Ad,1
216,1699947703,1,0,0xC962096274C7f047AD4A26E6846Bda55F3FFb2b3,1
217,1699947703,1,0,0xfCFda87A23d8f020046844aE942E98fEa4A97019,1
218,1699947703,1,0,0x890fEa2504dfD4df0BcEe650bD65346957D58a4D,1
219,1699947703,1,0,0x85105C138Efae3A0dEF21e408DfE309Dd557a5C0,1
220,1699947703,1,0,0x27206CB0646Bd9CAbfA11D270d62F7801f4906d3,1
221,1699947703,1,0,0xe905BFd4ACf0B0566337C75b1063D8D79fB2E0b8,1
222,1699947703,1,0,0x44345fD032B80c563c72Ddd86bF44422eFc360A8,1
223,1699947703,1,0,0x22C0DB92aC4a4502C86AC02A41AF2E282044F9d5,1
224,1699947703,1,0,0xd94215E6CAd2556363fd0dc5Ba909Fd218B34114,1
225,1699947703,1,0,0x782A51c855ff8fEddF62BB836880B322e9e53E1c,1
226,1699947703,1,0,0xF8420A68Cf924bC94140eA4Ac75184b4c3507fBC,1
227,1699947703,1,0,0x5F7A8edEd132edb7Cb44b62FCF0cC0b4c4d6728f,1
228,1699947703,1,0,0x6cf020e687134f67c72f864Bdd2A8F9cFe3EEe88,1
229,1699947703,1,0,0xA0dE4776E4b8E7617eC459e45AC71C406686ff18,1
230,1699947703,1,0,0x7c0d52eC259c1d5C7A74bC05C51c164BA87af17b,1
231,1699947703,1,0,0x84162C0F07EbcEA7B477F0CfCF76c1C00854E866,1
232,1699947703,1,0,0x6e4271f2607Dbb651d835C9eeA4dA66C6e88fdE1,1
233,1699947703,1,0,0x9B3dbA5B99c128Df69cED0E6E5c8c30af81263fE,1
234,1699947703,1,0,0x67c87eF285EC93C6d1386C27b9837c82343aE424,1
235,1699947703,1,0,0xfE7c75e72f28068C73Eb76Ce4312E0F839336802,1
236,1699947703,1,0,0x59d54F87b53c66b66A27038870D9911218E35168,1
237,1699947703,1,0,0x9EAed13419BC428f7446A238b42308CA4A888888,1
238,1699947703,1,0,0x33be006df4D57c64Ea9aBD89F30F879079EF3315,1
239,1699947703,1,0,0x1ab7404c2ad78275004155D0B12ea820bF03e81a,1
240,1699947703,1,0,0xaB312f013db2a51f854574d5CB7e4BC324FB3DDC,1
241,1699947703,1,0,0xC173c120f163fd1EfE73eB73Ba4BD8A02f7C2fDE,1
242,1699947703,1,0,0x2FbdBc5E7424c3048d347Cf84705378Ea9eF3803,1
243,1699947703,1,0,0xb41FC686fb1BCc8b2786841E901a0F239a6cf9F0,1
244,1699947703,1,0,0xDfBeDE6C228aE4CFc894bE05B0Bc59747763C519,1
245,1699947703,1,0,0xC478f8FD73d83ca635180864F7917D8eCab765C7,1
246,1699947703,1,0,0x5dbd05AB6c72E849bDf5A325F055826652EF7cee,1
247,1699947703,1,0,0x0F14e56D873341F179f13a17C9f3D0E3D8eD11f8,1
248,1699947703,1,0,0xCe16D79178F09C393cD741950D5d4a1c59043Bf8,1
249,1699947703,1,0,0x943B5Ac204D785B453adf259d0693593E29388e0,1
250,1699947703,1,0,0x6A5534B642F10C067b7031d4F101090b8C95a9f7,1
251,1699947703,1,0,0x1a0775ac124A0D6c70C388c5AEa55656bB171d02,1
252,1699947703,1,0,0x3879AA585f1C27d33668C3bFe27ddBFf893cE023,1
253,1699947703,1,0,0x7f7Cee1ccd2c1Aa065C9aa1dFdac2A380691c6f0,1
254,1699947703,1,0,0x7eA0Dbf81d38782c6BF31390D7706Cd4e5a47AeA,1
255,1699947703,1,0,0x84fc8FB94a6BfEAb8Ab4611F56A64501E1bFaE13,1
256,1699947703,1,0,0xaC3a6d40549E38efa8459b78261559641d8B1Dd3,1
257,1699947703,1,0,0x409Fc4Ce3cc0c21E6EEC406C1aee98d67Fb8FE8b,1
258,1699947703,1,0,0x483893De995d89cD0f7BC03a27dADb01A73984Eb,1
259,1699947703,1,0,0x618eD32453AEBCb6087479BdeF06d778AEB771e6,1
260,1699947703,1,0,0xaeA1ea42145b25dE1Ef69Df1C846a8Affe8FdB58,1
261,1699947703,1,0,0xa44D820FFFD408cd73CDfcd3fbCca55FaEe74B5B,1
262,1699947703,1,0,0x3611b05B00eC51Bb1685C6D4cAC35bD191631A50,1
263,1699947703,1,0,0x93aA6a00aB52d9f1238f69bf8Ac96C74a33fbFeb,1
264,1699947703,1,0,0x3879AA585f1C27d33668C3bFe27ddBFf893cE023,1
265,1699947703,1,0,0x5dbd05AB6c72E849bDf5A325F055826652EF7cee,1
266,1699947703,1,0,0x93aA6a00aB52d9f1238f69bf8Ac96C74a33fbFeb,1
267,1699947703,1,0,0x1ab9c20999738BD8DbB77D5AE05B72feB79a511a,1
268,1699947703,1,0,0x3D81071dB1A29C935A6082E45874D639B1b6151A,1
269,1699947703,1,0,0x85105C138Efae3A0dEF21e408DfE309Dd557a5C0,1
270,1699947703,1,0,0xEa23B6a873e2a899007e6b5d25f1d886678FcaA9,1
271,1699947703,1,0,0xF6Dc53c525583Ed61dE440131feEa85932721F22,1
272,1699947703,1,0,0xe76B3090b7C1ed46a43214dBaa53c09DD9C0E692,1
273,1699947703,1,0,0x223215D81D4999C1f61DD0731Ddc24B83c659E2E,1
274,1699947703,1,0,0xEE13D13A31428a9D638b1b04Bbc7414178A66666,1
275,1699947703,1,0,0xD316c2a7a433126c82Fdb7B57b3B72afB2177777,1
276,1699947703,1,0,0x6f2B7cc06960c1419f32439BDF1a99483c300000,1
277,1699947703,1,0,0xAe6B449efE825eF01c968bDdF9efB40A75ac2cf9,1
278,1699947703,1,0,0x5F14Af1A70486686C720B62f6057876888888888,1
279,1699947703,1,0,0x9D0068B3368e4AaEeBD589782f015FC1F49bBC8f,1
280,1699947703,1,0,0x28b11B1585483E88F3bBE39b0C9d58077DA22222,1
281,1699947703,1,0,0x2DdD9030f7ee5F707C440F496D2bE211BE93aAE6,1
282,1699947703,1,0,0x30d5Ce3ae72165668d1bf7Cf9714d873e0255555,1
283,1699947703,1,0,0x7EA827CbC371785944545FbA55d5610b5FE4d410,1
284,1699947703,1,0,0xe66dc320f9922A13f1F46C2DC379985140611111,1
285,1699947703,1,0,0x7e0b0698777EA362E571B61a3461615Ea70fC9f3,1
286,1699947703,1,0,0xd874389F61146E183eC23DD646720bDd0aE06779,1
287,1699947703,1,0,0xd8643C67C17ceE6699A6324244bdcB1000000000,1
288,1699947703,1,0,0xD32EAbF7e5BCC7A4054a279d3871c9Dc859E9CC1,1
289,1699947703,1,0,0x8aeD64eD5E07446521eb29515b468450baC0B734,1
290,1699947703,1,0,0xB8DF6f57047d2074fa7A59dCD4cCe3e7B1666666,1
291,1699947703,1,0,0x745E82f1A381845487E5274157c80E958FcDB28e,1
292,1699947703,1,0,0x07188574b4fbB133F26cae50494453c13C209A63,1
293,1699947703,1,0,0x6191B8DAc8E1b934EAc75e9680d95a2e093dedb7,1
294,1699947703,1,0,0xD1d2C56E390B0B1185bE7609C0e34Ea2Ac5a3b28,1
295,1699947703,1,0,0x5bb245ead499F567dF5ace41f9C973Ca0fCeDE4a,1
296,1699947703,1,0,0x1C25c078664e11e753b90B236fD3Eb9160892e94,1
296,1699947703,1,0,0xb527517bCB218a38561a781b2e41f16D10077Cc9,1